Pagenum,Response,Number of people / Jinhao,House in / Jinhao,Number of people / Max,House in / Max,Site(AB:1/CS:2),identical?,disagreement on people,disagreement on in/out
1,,1,1,1,1,1,1,,
2,,1,1,1,0,2,0,,1
3,,1,1,1,0,1,0,,1
4,,1,1,1,1,2,1,,
5,,1,0,1,0,1,1,,
6,,1,0,1,0,2,1,,
7,,1,0,1,0,1,1,,
8,,1,0,1,1,2,0,,1
9,,1,0,1,0,1,1,,
10,,2,1,1,0,2,0,1,1
11,,1,1,1,1,1,1,,
12,,1,1,1,1,2,1,,
13,,1,1,1,1,1,1,,
14,,1,0,1,0,2,1,,
15,,1,0,1,0,1,1,,
16,,1,0,1,1,2,0,,1
17,,4,0,4,0,1,1,,
18,,1,0,1,0,2,1,,
19,,1,0,1,0,1,1,,
20,,1,0,1,0,2,1,,
21,,2,1,2,1,1,1,,
22,,2,0,2,0,2,1,,
23,,0,0,0,0,1,1,,
24,,2,0,2,0,2,1,,
25,,1,0,1,0,1,1,,
26,,2,0,2,0,2,1,,
27,,1,1,1,1,1,1,,
28,,3,1,3,1,2,1,,
29,,1,0,1,1,1,0,,1
30,,1,1,2,0,2,0,1,1
31,,1,1,1,1,1,1,,
32,,2,1,2,1,2,1,,
33,,2,1,2,1,1,1,,
34,,1,0,1,1,2,0,,1
35,,1,1,1,1,1,1,,
36,,2,1,2,1,2,1,,
37,,2,0,2,1,1,0,,1
38,,0,0,0,0,2,1,,
39,,1,1,1,1,1,1,,
40,,2,0,2,0,2,1,,
41,,2,0,2,0,1,1,,
42,,1,0,1,0,2,1,,
43,,1,0,1,0,1,1,,
44,,0,1,0,1,2,1,,
45,,1,1,1,0,1,0,,1
46,,1,1,1,1,2,1,,
47,,1,0,1,0,1,1,,
48,,2,1,2,1,2,1,,
49,,1,0,1,0,1,1,,
50,,1,0,2,0,2,0,1,
51,,1,0,1,0,1,1,,
52,,2,1,2,1,2,1,,
53,,1,0,1,0,1,1,,
54,,2,1,2,0,2,0,,1
55,,2,0,2,0,1,1,,
56,,2,1,2,1,2,1,,
57,,1,0,1,0,1,1,,
58,,1,0,1,0,2,1,,
59,,1,1,1,0,1,0,,1
60,,1,1,1,1,2,1,,
61,,3,0,3,0,1,1,,
62,,1,0,1,1,2,0,,1
63,,2,0,2,0,1,1,,
64,,1,1,1,1,2,1,,
65,,1,0,1,0,1,1,,
66,,2,0,2,0,2,1,,
67,,1,0,1,0,1,1,,
68,,0,1,0,1,2,1,,
69,,1,1,1,1,1,1,,
70,,1,0,1,0,2,1,,
71,,1,0,1,0,1,1,,
72,,5,0,5,0,2,1,,
73,,1,0,1,0,1,1,,
74,,1,0,1,1,2,0,,1
75,,1,0,1,0,1,1,,
76,,2,0,2,0,2,1,,
77,,1,0,1,0,1,1,,
78,,1,0,1,0,2,1,,
79,,1,0,2,0,1,0,1,
80,,1,0,1,1,2,0,,1
81,,1,0,1,0,1,1,,
82,,2,0,2,0,2,1,,
83,,1,0,2,0,1,0,1,
84,,1,0,1,0,2,1,,
85,,1,0,1,0,1,1,,
86,,1,1,1,1,2,1,,
87,,2,0,2,0,1,1,,
88,,0,1,0,1,2,1,,
89,,1,1,1,1,1,1,,
90,,1,0,1,1,2,0,,1
91,,1,0,1,1,1,0,,1
92,,2,0,2,0,2,1,,
93,,1,0,1,0,1,1,,
94,,1,0,1,0,2,1,,
95,,2,1,2,1,1,1,,
96,,1,1,1,1,2,1,,
97,,5,1,5,1,1,1,,
98,,1,1,1,0,2,0,,1
99,,1,0,1,0,1,1,,
100,,2,0,2,1,2,0,,1
101,,1,0,1,0,1,1,,
102,,2,1,2,1,2,1,,
103,,1,0,1,1,1,0,,1
104,,1,0,0,1,2,0,1,1
105,,2,1,2,1,1,1,,
106,,0,1,0,0,2,0,,1
107,,1,0,1,0,1,1,,
108,,1,1,1,1,2,1,,
109,,1,0,1,0,1,1,,
110,,2,0,2,0,2,1,,
111,,1,0,1,0,1,1,,
112,,2,1,2,0,2,0,,1
113,,0,0,0,0,1,1,,
114,,0,0,0,1,2,0,,1
115,,1,0,1,0,1,1,,
116,,1,0,1,0,2,1,,
117,,1,0,1,0,1,1,,
118,,2,1,2,0,2,0,,1
119,,1,0,1,0,1,1,,
120,,1,0,1,0,2,1,,
121,,1,1,1,1,1,1,,
122,,1,0,1,0,2,1,,
123,,1,1,1,0,1,0,,1
124,,1,0,1,0,2,1,,
125,,1,1,1,1,1,1,,
126,,1,0,1,0,2,1,,
127,,0,0,0,0,1,1,,
128,,2,0,2,0,2,1,,
129,,2,1,2,0,1,0,,1
130,,1,0,1,0,2,1,,
131,,1,1,1,1,1,1,,
132,,1,1,1,1,2,1,,
133,,1,1,1,1,1,1,,
134,,3,1,3,1,2,1,,
135,,2,0,2,0,1,1,,
136,,1,0,1,0,2,1,,
137,,1,0,1,0,1,1,,
138,,1,1,1,1,2,1,,
139,,1,0,1,0,1,1,,
140,,1,0,1,1,2,0,,1
141,,1,1,1,0,1,0,,1
142,,1,0,1,0,2,1,,
143,,2,0,2,0,1,1,,
144,,1,1,1,1,2,1,,
145,,1,0,1,0,1,1,,
146,,1,0,1,0,2,1,,
147,,2,0,2,0,1,1,,
148,,1,0,1,0,2,1,,
149,,1,1,1,0,1,0,,1
150,,1,0,1,0,2,1,,
151,,1,1,1,1,1,1,,
152,,1,0,1,0,2,1,,
153,,2,0,2,0,1,1,,
154,,1,1,1,1,2,1,,
155,,1,0,1,0,1,1,,
156,,1,0,1,0,2,1,,
157,,1,1,1,0,1,0,,1
158,,2,0,2,0,2,1,,
159,,1,0,1,1,1,0,,1
160,,0,1,0,1,2,1,,
161,,1,0,1,0,1,1,,
162,,0,1,0,1,2,1,,
163,,1,0,1,0,1,1,,
164,,1,0,1,0,2,1,,
165,,1,1,1,0,1,0,,1
166,,0,1,0,1,2,1,,
167,,1,0,1,0,1,1,,
168,,0,1,0,1,2,1,,
169,,1,1,1,0,1,0,,1
170,,3,0,3,0,2,1,,
171,,2,1,2,1,1,1,,
172,,1,1,1,1,2,1,,
173,,1,0,1,0,1,1,,
174,,2,0,2,0,2,1,,
175,,0,0,0,1,1,0,,1
176,,1,0,1,0,2,1,,
177,,1,0,1,0,1,1,,
178,,1,0,1,0,2,1,,
179,,1,1,1,0,1,0,,1
180,,1,0,1,0,2,1,,
181,,1,1,1,0,1,0,,1
182,,2,0,3,0,2,0,1,
183,,1,1,1,1,1,1,,
184,,1,0,1,0,2,1,,
185,,1,1,1,0,1,0,,1
186,,2,0,2,0,2,1,,
187,,2,0,2,0,1,1,,
188,,1,0,1,0,2,1,,
189,,1,0,1,0,1,1,,
190,,2,0,2,0,2,1,,
191,,1,0,1,0,1,1,,
192,,2,0,2,0,2,1,,
193,,1,0,0,0,1,0,1,
194,,1,0,1,0,2,1,,
195,,1,0,1,0,1,1,,
196,,1,0,1,0,2,1,,
197,,1,1,1,1,1,1,,
198,,3,1,3,0,2,0,,1
199,,1,0,1,0,1,1,,
200,,0,0,0,0,2,1,,
201,,1,1,1,1,1,1,,
202,,1,0,1,0,2,1,,
203,,1,0,1,0,1,1,,
204,,1,0,1,0,2,1,,
205,,1,0,1,0,1,1,,
206,,0,0,0,0,2,1,,
207,,1,0,1,0,1,1,,
208,,1,0,1,0,2,1,,
209,,2,0,2,0,1,1,,
210,,2,0,2,0,2,1,,
211,,1,0,1,0,1,1,,
212,,1,0,1,0,2,1,,
213,,0,1,0,1,1,1,,
214,,1,0,1,0,2,1,,
215,,0,0,0,0,1,1,,
216,,1,0,1,0,2,1,,
217,,1,0,1,0,1,1,,
218,,2,0,2,0,2,1,,
219,,1,0,1,0,1,1,,
220,,1,0,1,0,2,1,,
221,,1,0,0,0,1,0,1,
222,,1,0,1,0,2,1,,
223,,1,1,1,1,1,1,,
224,,1,1,1,0,2,0,,1
225,,1,0,1,0,1,1,,
226,,1,0,1,0,2,1,,
227,,1,0,1,0,1,1,,
228,,2,1,2,0,2,0,,1
229,,2,0,2,0,1,1,,
230,,1,0,1,0,2,1,,
231,,1,0,1,0,1,1,,
232,,1,0,1,0,2,1,,
233,,2,0,2,0,1,1,,
234,,1,0,1,0,2,1,,
235,,1,1,1,0,1,0,,1
236,,1,0,1,0,2,1,,
237,,1,1,1,1,1,1,,
238,,1,0,1,0,2,1,,
239,,1,0,1,0,1,1,,
240,,1,0,1,0,2,1,,
241,,1,0,1,0,1,1,,
242,,1,0,1,0,2,1,,
243,,1,0,1,0,1,1,,
244,,1,0,1,0,2,1,,
245,,1,0,1,0,1,1,,
246,,1,0,1,0,2,1,,
247,,1,0,1,0,1,1,,
248,,1,0,1,0,2,1,,
249,,1,0,1,0,1,1,,
250,,1,0,1,0,2,1,,
251,,1,0,1,1,1,0,,1
252,,1,0,1,0,2,1,,
253,,3,1,3,1,1,1,,
254,,1,0,1,0,2,1,,
255,,1,1,1,1,1,1,,
256,,2,1,2,1,2,1,,
257,,1,1,1,1,1,1,,
258,,1,0,1,0,2,1,,
259,,2,1,2,1,1,1,,
260,,2,0,2,0,2,1,,
261,,1,0,1,0,1,1,,
262,,1,0,1,0,2,1,,
263,,0,0,0,0,1,1,,
264,,1,0,1,0,2,1,,
265,,2,0,2,0,1,1,,
266,,1,0,1,-,2,0,,1
267,,5,1,5,1,1,1,,
268,,1,0,1,0,2,1,,
269,,1,0,1,0,1,1,,
270,,0,0,0,0,2,1,,
271,,1,0,1,0,1,1,,
272,,0,0,0,0,2,1,,
273,,1,0,1,0,1,1,,
274,,1,0,1,0,2,1,,
275,,1,0,1,0,1,1,,
276,,2,0,2,0,2,1,,
277,,1,0,1,0,1,1,,
278,,2,0,2,0,2,1,,
279,,2,0,2,0,1,1,,
280,,2,0,2,0,2,1,,
281,,1,0,1,0,1,1,,
282,,1,0,1,0,2,1,,
283,,1,0,1,1,1,0,,1
284,,2,0,2,0,2,1,,
285,,1,0,1,0,1,1,,
286,,0,0,0,1,2,0,,1
287,,1,0,1,0,1,1,,
288,,1,1,1,0,2,0,,1
289,,1,0,1,0,1,1,,
290,,1,1,1,1,2,1,,
291,,1,1,1,1,1,1,,
292,,4,0,4,0,2,1,,
293,,1,0,1,0,1,1,,
294,,1,0,1,0,2,1,,
295,,0,0,0,0,1,1,,
296,,1,0,1,0,2,1,,
297,,1,0,1,0,1,1,,
298,,1,1,1,0,2,0,,1
299,,1,0,1,0,1,1,,
300,,1,0,1,1,2,0,,1
301,,1,0,1,0,1,1,,
302,,1,0,1,0,2,1,,
303,,1,1,1,1,1,1,,
304,,1,0,1,0,2,1,,
305,,1,0,1,0,1,1,,
306,,2,0,2,0,2,1,,
307,,1,0,1,0,1,1,,
308,,1,1,1,1,2,1,,
309,,1,0,1,0,1,1,,
310,,1,0,1,0,2,1,,
311,,1,0,1,0,1,1,,
312,,2,1,2,1,2,1,,
313,,1,1,1,1,1,1,,
314,,2,0,2,0,2,1,,
315,,2,1,2,0,1,0,,1
316,,1,0,0,0,2,0,1,
317,,1,0,1,0,1,1,,
318,,1,0,1,0,2,1,,
319,,1,0,1,0,1,1,,
320,,1,0,1,,2,1,,
321,,2,0,2,0,1,1,,
322,,2,0,2,0,2,1,,
323,,1,0,1,0,1,1,,
324,,1,0,1,0,2,1,,
325,,2,0,2,0,1,1,,
326,,1,0,1,0,2,1,,
327,,2,0,2,0,1,1,,
328,,1,0,1,0,2,1,,
329,,2,0,2,0,1,1,,
330,,1,0,1,0,2,1,,
331,,1,0,1,0,1,1,,
332,,1,1,1,1,2,1,,
333,,1,0,1,1,1,0,,1
334,,1,0,1,0,2,1,,
335,,1,0,0,0,1,0,1,
336,,2,0,2,0,2,1,,
337,,1,1,1,1,1,1,,
338,,2,0,2,0,2,1,,
339,,1,0,1,0,1,1,,
340,,1,0,1,0,2,1,,
341,,1,0,1,0,1,1,,
342,,2,0,2,0,2,1,,
343,,1,0,1,0,1,1,,
344,,1,1,1,1,2,1,,
345,,1,0,1,0,1,1,,
346,,2,0,2,0,2,1,,
347,,1,0,1,0,1,1,,
348,,1,0,1,0,2,1,,
349,,0,0,0,0,1,1,,
350,,0,0,0,0,2,1,,
351,,2,1,2,1,1,1,,
352,,1,0,1,0,2,1,,
353,,1,0,1,1,1,0,,1
354,,0,0,0,0,2,1,,
355,,1,0,1,0,1,1,,
356,,1,0,1,0,2,1,,
357,,0,0,0,0,1,1,,
358,,2,0,2,0,2,1,,
359,,1,0,1,0,1,1,,
360,,1,0,1,0,2,1,,
361,,0,0,0,0,1,1,,
362,,1,1,1,0,2,0,,1
363,,1,0,1,0,1,1,,
364,,1,0,1,0,2,1,,
365,,1,0,1,0,1,1,,
366,,1,0,1,0,2,1,,
367,,1,0,1,0,1,1,,
368,,2,0,2,0,2,1,,
369,,1,1,1,1,1,1,,
370,,1,0,1,1,2,0,,1
371,,2,1,2,1,1,1,,
372,,2,1,2,1,2,1,,
373,,1,0,1,0,1,1,,
374,,1,0,1,0,2,1,,
375,,1,0,1,0,1,1,,
376,,1,0,1,0,2,1,,
377,,1,0,1,0,1,1,,
378,,1,0,1,0,2,1,,
379,,0,0,0,0,1,1,,
380,,1,0,1,0,2,1,,
381,,1,0,1,0,1,1,,
382,,2,0,2,0,2,1,,
383,,1,0,1,0,1,1,,
384,,0,0,0,0,2,1,,
385,,1,0,1,0,1,1,,
386,,1,1,1,1,2,1,,
387,,1,0,1,0,1,1,,
388,,1,0,1,0,2,1,,
389,,1,0,0,1,1,0,1,1
390,,1,0,1,1,2,0,,1
391,,1,0,1,0,1,1,,
392,,2,0,2,0,2,1,,
393,,2,0,2,0,1,1,,
394,,2,1,2,0,2,0,,1
395,,1,0,1,0,1,1,,
396,,2,1,2,0,2,0,,1
397,,1,0,1,0,1,1,,
398,,1,0,1,0,2,1,,
399,,1,0,1,0,1,1,,
400,,1,0,1,0,2,1,,
401,,1,0,1,0,1,1,,
402,,1,1,1,1,2,1,,
403,,1,0,1,0,1,1,,
404,,2,0,2,0,2,1,,
405,,1,0,1,0,1,1,,
406,,1,0,1,0,2,1,,
407,,1,1,1,1,1,1,,
408,,1,0,1,1,2,0,,1
409,,1,0,1,0,1,1,,
410,,1,0,1,0,2,1,,
411,,2,1,2,0,1,0,,1
412,,2,0,2,0,2,1,,
413,,2,1,2,0,1,0,,1
414,,1,0,1,1,2,0,,1
415,,1,0,1,0,1,1,,
416,,1,0,1,0,2,1,,
417,,1,0,1,0,1,1,,
418,,1,0,1,0,2,1,,
419,,3,0,3,0,1,1,,
420,,1,0,0,0,2,0,1,
421,,1,0,1,0,1,1,,
422,,2,0,2,0,2,1,,
423,,2,1,2,1,1,1,,
424,,1,1,1,1,2,1,,
425,,1,0,1,0,1,1,,
426,,1,0,1,0,2,1,,
427,,1,1,1,1,1,1,,
428,,2,0,2,0,2,1,,
429,,1,0,1,0,1,1,,
430,,1,0,1,0,2,1,,
431,,2,0,2,0,1,1,,
432,,1,0,1,0,2,1,,
433,,2,1,2,1,1,1,,
434,,1,0,1,0,2,1,,
435,,3,0,3,0,1,1,,
436,,1,0,1,0,2,1,,
437,,1,0,1,0,1,1,,
438,,1,1,1,1,2,1,,
439,,1,1,1,1,1,1,,
440,,2,1,2,1,2,1,,
441,,2,0,2,0,1,1,,
442,,1,1,2,0,2,0,1,1
443,,1,0,1,0,1,1,,
444,,1,0,1,0,2,1,,
445,,0,1,0,1,1,1,,
446,,2,0,2,0,2,1,,
447,,1,0,1,0,1,1,,
448,,1,0,1,0,2,1,,
449,,1,1,1,1,1,1,,
450,,2,0,2,0,2,1,,
451,,1,1,1,0,1,0,,1
452,,2,0,2,0,2,1,,
453,,1,0,1,0,1,1,,
454,,1,0,1,0,2,1,,
455,,2,0,2,0,1,1,,
456,,2,1,2,0,2,0,,1
457,,1,0,1,0,1,1,,
458,,4,0,4,0,2,1,,
459,,1,0,1,0,1,1,,
460,,2,0,2,0,2,1,,
461,,1,0,1,0,1,1,,
462,,1,0,1,0,2,1,,
463,,2,0,2,0,1,1,,
464,,1,0,1,0,2,1,,
465,,1,0,1,0,1,1,,
466,,2,0,2,0,2,1,,
467,,1,1,1,0,1,0,,1
468,,2,0,2,0,2,1,,
469,,1,1,1,0,1,0,,1
470,,1,0,1,0,2,1,,
471,,1,1,1,1,1,1,,
472,,2,0,2,0,2,1,,
473,,0,0,0,0,1,1,,
474,,1,1,1,1,2,1,,
475,,1,1,1,1,1,1,,
476,,1,1,1,0,2,0,,1
477,,0,0,0,0,1,1,,
478,,1,0,1,0,2,1,,
479,,1,0,1,0,1,1,,
480,,1,0,1,0,2,1,,
481,,1,0,1,0,1,1,,
482,,1,0,1,0,2,1,,
483,,1,1,1,1,1,1,,
484,,1,0,1,0,2,1,,
485,,2,0,2,0,1,1,,
486,,2,0,2,1,2,0,,1
487,,1,0,1,0,1,1,,
488,,1,0,1,0,2,1,,
489,,1,0,1,0,1,1,,
490,,1,0,1,0,2,1,,
491,,1,0,1,0,1,1,,
492,,3,0,0,0,2,0,1,
493,,1,0,1,0,1,1,,
494,,1,0,1,0,2,1,,
495,,2,0,2,0,1,1,,
496,,1,0,1,0,2,1,,
497,,1,0,1,1,1,0,,1
498,,3,0,0,0,2,0,1,
499,,1,0,1,0,1,1,,
500,,1,0,1,0,2,1,,
501,,1,0,1,0,1,1,,
502,,2,0,1,0,2,0,1,
503,,3,0,3,0,1,1,,
504,,2,0,2,0,2,1,,
505,,1,1,1,1,1,1,,
506,,2,0,2,0,2,1,,
507,,1,0,1,0,1,1,,
508,,1,0,1,0,2,1,,
509,,1,1,1,1,1,1,,
510,,1,0,1,1,2,0,,1
511,,1,0,1,0,1,1,,
512,,2,0,2,0,2,1,,
513,,1,0,1,0,1,1,,
514,,2,0,2,0,2,1,,
515,,1,0,1,0,1,1,,
516,,1,1,1,1,2,1,,
517,,1,0,0,0,1,0,1,
518,,1,0,1,0,2,1,,
519,,2,0,2,0,1,1,,
520,,2,1,2,1,2,1,,
521,,1,0,1,0,1,1,,
522,,1,0,1,0,2,1,,
523,,1,0,1,0,1,1,,
524,,2,0,2,0,2,1,,
525,,1,0,1,0,1,1,,
526,,1,0,1,0,2,1,,
527,,0,0,0,0,1,1,,
528,,1,1,1,0,2,0,,1
529,,1,0,1,0,1,1,,
530,,1,1,1,1,2,1,,
531,,1,0,1,0,1,1,,
532,,1,0,1,0,2,1,,
533,,2,0,2,0,1,1,,
534,,1,0,1,0,2,1,,
535,,2,0,2,0,1,1,,
536,,1,0,1,0,2,1,,
537,,2,0,2,0,1,1,,
538,,1,0,1,0,2,1,,
539,,1,0,1,0,1,1,,
540,,0,0,0,0,2,1,,
541,,1,1,0,1,1,0,1,
542,,0,1,0,1,2,1,,
543,,1,0,1,0,1,1,,
544,,1,0,1,0,2,1,,
545,,1,1,1,1,1,1,,
546,,1,0,1,0,2,1,,
547,,1,0,1,0,1,1,,
548,,1,0,1,0,2,1,,
549,,2,0,2,0,1,1,,
550,,1,1,1,0,2,0,,1
551,,3,0,3,0,1,1,,
552,,3,1,3,1,2,1,,
553,,1,0,1,0,1,1,,
554,,2,0,2,0,2,1,,
555,,1,0,1,0,1,1,,
556,,2,0,2,0,2,1,,
557,,1,1,1,1,1,1,,
558,,2,0,2,0,2,1,,
559,,2,1,2,0,1,0,,1
560,,1,0,1,1,2,0,,1
561,,1,0,1,0,1,1,,
562,,1,1,1,1,2,1,,
563,,1,0,1,0,1,1,,
564,,1,0,1,0,2,1,,
565,,3,0,4,0,1,0,1,
566,,1,0,1,0,2,1,,
567,,2,0,2,0,1,1,,
568,,2,0,2,0,2,1,,
569,,1,0,1,0,1,1,,
570,,2,1,2,1,2,1,,
571,,1,0,1,0,1,1,,
572,,2,1,2,0,2,0,,1
573,,1,0,1,0,1,1,,
574,,1,0,1,0,2,1,,
575,,1,0,1,0,1,1,,
576,,2,0,2,0,2,1,,
577,,1,0,1,0,1,1,,
578,,2,0,0,0,2,0,1,
579,,1,1,1,1,1,1,,
580,,1,0,1,0,2,1,,
581,,1,0,1,0,1,1,,
582,,1,0,1,1,2,0,,1
583,,1,0,1,0,1,1,,
584,,0,1,0,0,2,0,,1
585,,2,0,2,0,1,1,,
586,,2,0,1,0,2,0,1,
587,,1,0,1,0,1,1,,
588,,1,1,1,0,2,0,,1
589,,1,0,1,0,1,1,,
590,,1,1,1,0,2,0,,1
591,,1,0,1,1,1,0,,1
592,,2,0,2,0,2,1,,
593,,1,1,1,1,1,1,,
594,,3,0,3,0,2,1,,
595,,1,0,1,0,1,1,,
596,,1,1,1,1,2,1,,
597,,2,0,2,0,1,1,,
598,,1,0,1,0,2,1,,
599,,1,0,1,0,1,1,,
600,,1,0,1,0,2,1,,
601,,1,0,1,0,1,1,,
602,,2,0,2,0,2,1,,
603,,1,0,1,0,1,1,,
604,,1,0,1,0,2,1,,
605,,1,1,1,1,1,1,,
606,,2,0,2,0,2,1,,
607,,1,0,1,0,1,1,,
608,,1,0,1,0,2,1,,
609,,1,1,1,1,1,1,,
610,,1,0,1,0,2,1,,
611,,1,0,1,0,1,1,,
612,,1,0,1,0,2,1,,
613,,1,1,1,0,1,0,,1
614,,1,0,1,0,2,1,,
615,,1,1,1,0,1,0,,1
616,,2,1,2,1,2,1,,
617,,1,0,1,0,1,1,,
618,,1,0,1,0,2,1,,
619,,2,1,2,1,1,1,,
620,,2,0,2,0,2,1,,
621,,2,0,2,0,1,1,,
622,,1,1,1,1,2,1,,
623,,0,0,0,0,1,1,,
624,,8,0,8,0,2,1,,
625,,1,0,1,0,1,1,,
626,,1,0,1,0,2,1,,
627,,0,0,0,0,1,1,,
628,,0,0,0,0,2,1,,
629,,1,0,1,0,1,1,,
630,,2,0,2,0,2,1,,
631,,1,0,1,0,1,1,,
632,,1,0,1,0,2,1,,
633,,4,0,4,0,1,1,,
634,,0,0,0,0,2,1,,
635,,2,0,2,0,1,1,,
636,,1,1,1,1,2,1,,
637,,1,0,1,0,1,1,,
638,,1,1,1,1,2,1,,
639,,1,0,1,0,1,1,,
640,,1,0,1,0,2,1,,
641,,1,0,1,0,1,1,,
642,,1,0,1,0,2,1,,
643,,1,0,1,0,1,1,,
644,,1,0,1,1,2,0,,1
645,,2,0,2,0,1,1,,
646,,1,0,2,0,2,0,1,
647,,1,0,1,0,1,1,,
648,,1,1,1,1,2,1,,
649,,2,0,2,0,1,1,,
650,,1,0,1,0,2,1,,
651,,1,0,1,0,1,1,,
652,,0,0,0,1,2,0,,1
653,,1,0,1,0,1,1,,
654,,3,0,3,0,2,1,,
655,,1,0,1,0,1,1,,
656,,1,0,1,0,2,1,,
657,,3,1,3,1,1,1,,
658,,1,0,1,0,2,1,,
659,,1,1,1,1,1,1,,
660,,1,1,1,1,2,1,,
661,,1,0,1,0,1,1,,
662,,2,0,2,0,2,1,,
663,,1,0,1,0,1,1,,
664,,2,0,2,0,2,1,,
665,,1,1,1,1,1,1,,
666,,1,0,1,0,2,1,,
667,,1,0,1,0,1,1,,
668,,2,1,2,0,2,0,,1
669,,1,0,1,0,1,1,,
670,,1,0,1,0,2,1,,
671,,5,0,5,0,1,1,,
672,,1,0,1,0,2,1,,
673,,1,0,1,0,1,1,,
674,,2,1,2,1,2,1,,
675,,1,0,1,0,1,1,,
676,,1,0,1,0,2,1,,
677,,1,0,1,0,1,1,,
678,,2,1,2,1,2,1,,
679,,1,0,1,0,1,1,,
680,,2,0,2,0,2,1,,
681,,1,1,1,1,1,1,,
682,,2,0,2,0,2,1,,
683,,2,1,2,0,1,0,,1
684,,1,0,1,0,2,1,,
685,,1,0,1,0,1,1,,
686,,0,0,0,0,2,1,,
687,,1,0,1,1,1,0,,1
688,,1,0,1,0,2,1,,
689,,1,0,1,1,1,0,,1
690,,3,0,3,0,2,1,,
691,,1,0,1,0,1,1,,
692,,2,0,2,0,2,1,,
693,,1,0,1,0,1,1,,
694,,3,0,3,0,2,1,,
695,,4,0,4,0,1,1,,
696,,1,0,1,0,2,1,,
697,,1,0,1,1,1,0,,1
698,,1,0,1,0,2,1,,
699,,1,0,1,0,1,1,,
700,,1,1,1,1,2,1,,
701,,1,0,1,0,1,1,,
702,,2,0,2,0,2,1,,
703,,1,1,1,1,1,1,,
704,,0,0,0,1,2,0,,1
705,,3,0,3,0,1,1,,
706,,0,0,0,0,2,1,,
707,,1,0,1,0,1,1,,
708,,7,0,7,0,2,1,,
709,,1,0,1,0,1,1,,
710,,1,1,1,1,2,1,,
711,,1,0,1,0,1,1,,
712,,1,0,1,0,2,1,,
713,,2,0,2,1,1,0,,1
714,,2,0,2,0,2,1,,
715,,1,0,1,0,1,1,,
716,,1,0,1,0,2,1,,
717,,2,0,2,0,1,1,,
718,,1,0,1,0,2,1,,
719,,2,0,2,1,1,0,,1
720,,1,0,1,0,2,1,,
721,,1,0,1,0,1,1,,
722,,0,1,0,1,2,1,,
723,,1,1,1,0,1,0,,1
724,,2,1,2,1,2,1,,
725,,1,1,1,1,1,1,,
726,,1,0,1,0,2,1,,
727,,1,0,1,0,1,1,,
728,,1,0,1,0,2,1,,
729,,1,1,1,1,1,1,,
730,,2,1,2,1,2,1,,
731,,1,0,1,0,1,1,,
732,,0,1,0,1,2,1,,
733,,1,0,1,0,1,1,,
734,,3,0,3,1,2,0,,1
735,,1,0,1,0,1,1,,
736,,2,0,2,0,2,1,,
737,,1,0,1,0,1,1,,
738,,1,0,1,0,2,1,,
739,,1,0,1,0,1,1,,
740,,1,1,1,1,2,1,,
741,,2,0,2,0,1,1,,
742,,1,0,1,0,2,1,,
743,,1,1,1,0,1,0,,1
744,,2,0,2,0,2,1,,
745,,1,0,1,0,1,1,,
746,,1,0,1,0,2,1,,
747,,1,0,1,0,1,1,,
748,,1,0,1,0,2,1,,
749,,1,0,1,0,1,1,,
750,,1,0,1,0,2,1,,
751,,1,0,1,0,1,1,,
752,,1,1,1,1,2,1,,
753,,1,0,1,0,1,1,,
754,,3,0,3,0,2,1,,
755,,1,0,1,0,1,1,,
756,,2,0,2,0,2,1,,
757,,1,0,1,0,1,1,,
758,,1,0,1,0,2,1,,
759,,2,0,2,0,1,1,,
760,,1,1,1,1,2,1,,
761,,1,0,1,0,1,1,,
762,,1,0,2,1,2,0,1,1
763,,4,0,4,0,1,1,,
764,,1,0,1,0,2,1,,
765,,1,0,1,0,1,1,,
766,,2,0,2,0,2,1,,
767,,1,0,1,0,1,1,,
768,,1,0,1,0,2,1,,
769,,1,0,1,0,1,1,,
770,,1,0,1,0,2,1,,
771,,1,0,1,0,1,1,,
772,,1,0,1,0,2,1,,
773,,1,0,1,0,1,1,,
774,,0,0,0,0,2,1,,
775,,3,0,3,0,1,1,,
776,,2,0,2,0,2,1,,
777,,0,0,0,0,1,1,,
778,,1,0,1,0,2,1,,
779,,1,0,1,0,1,1,,
780,,1,0,1,0,2,1,,
781,,1,0,1,0,1,1,,
782,,1,0,1,0,2,1,,
783,,1,0,1,0,1,1,,
784,,2,0,2,0,2,1,,
785,,1,1,1,0,1,0,,1
786,,1,0,1,0,2,1,,
787,,0,0,0,0,1,1,,
788,,1,1,1,0,2,0,,1
789,,1,0,1,0,1,1,,
790,,1,1,1,1,2,1,,
791,,1,0,1,0,1,1,,
792,,1,0,1,0,2,1,,
793,,2,0,2,0,1,1,,
794,,2,1,2,1,2,1,,
795,,1,0,1,0,1,1,,
796,,1,0,1,1,2,0,,1
797,,1,0,1,0,1,1,,
798,,2,0,2,0,2,1,,
799,,1,0,1,0,1,1,,
800,,2,0,2,0,2,1,,
801,,1,0,1,0,1,1,,
802,,1,0,1,0,2,1,,
803,,4,0,4,0,1,1,,
804,,1,1,1,1,2,1,,
805,,1,0,1,0,1,1,,
806,,2,0,2,0,2,1,,
807,,1,0,1,0,1,1,,
808,,1,1,1,1,2,1,,
809,,1,1,1,1,1,1,,
810,,1,0,1,0,2,1,,
811,,1,1,1,1,1,1,,
812,,2,0,2,0,2,1,,
813,,2,0,2,0,1,1,,
814,,3,0,3,0,2,1,,
815,,1,0,1,0,1,1,,
816,,1,0,1,0,2,1,,
817,,1,1,1,1,1,1,,
818,,2,0,2,0,2,1,,
819,,1,1,1,1,1,1,,
820,,1,0,1,0,2,1,,
821,,1,0,1,0,1,1,,
822,,1,0,1,0,2,1,,
823,,1,0,1,0,1,1,,
824,,0,0,0,1,2,0,,1
825,,1,0,1,0,1,1,,
826,,1,0,1,0,2,1,,
827,,1,0,1,0,1,1,,
828,,1,0,1,0,2,1,,
829,,1,0,1,0,1,1,,
830,,1,0,1,0,2,1,,
831,,1,1,1,1,1,1,,
832,,2,0,2,0,2,1,,
833,,1,1,1,1,1,1,,
834,,1,0,1,0,2,1,,
835,,1,0,1,0,1,1,,
836,,1,0,1,0,2,1,,
837,,1,0,1,0,1,1,,
838,,2,0,2,0,2,1,,
839,,1,0,1,0,1,1,,
840,,1,0,1,0,2,1,,
841,,1,0,1,0,1,1,,
842,,1,0,1,0,2,1,,
843,,1,0,1,0,1,1,,
844,,2,0,2,0,2,1,,
845,,2,0,2,0,1,1,,
846,,1,0,1,0,2,1,,
847,,1,1,1,0,1,0,,1
848,,1,0,1,0,2,1,,
849,,1,0,1,0,1,1,,
850,,1,0,1,0,2,1,,
851,,1,0,1,0,1,1,,
852,,0,0,0,0,2,1,,
853,,1,0,1,0,1,1,,
854,,2,0,2,0,2,1,,
855,,1,0,1,0,1,1,,
856,,1,0,1,0,2,1,,
857,,1,0,1,0,1,1,,
858,,1,0,1,0,2,1,,
859,,1,0,1,0,1,1,,
860,,2,0,2,0,2,1,,
861,,1,1,1,1,1,1,,
862,,2,0,2,0,2,1,,
863,,0,0,0,0,1,1,,
864,,1,0,1,0,2,1,,
865,,1,0,1,0,1,1,,
866,,1,0,1,0,2,1,,
867,,1,0,1,0,1,1,,
868,,1,0,0,0,2,0,1,
869,,2,1,2,0,1,0,,1
870,,1,0,1,0,2,1,,
871,,2,0,1,0,1,0,1,
872,,1,0,1,0,2,1,,
873,,1,0,1,0,1,1,,
874,,2,0,2,0,2,1,,
875,,2,0,2,0,1,1,,
876,,1,0,1,0,2,1,,
877,,1,0,1,0,1,1,,
878,,2,1,2,1,2,1,,
879,,0,0,0,0,1,1,,
880,,1,1,1,1,2,1,,
881,,1,0,0,0,1,0,1,
882,,2,0,2,0,2,1,,
883,,1,1,1,1,1,1,,
884,,1,0,1,0,2,1,,
885,,1,0,1,0,1,1,,
886,,2,1,2,1,2,1,,
887,,1,0,1,0,1,1,,
888,,1,0,1,0,2,1,,
889,,2,0,2,0,1,1,,
890,,1,1,1,1,2,1,,
891,,1,1,1,1,1,1,,
892,,1,0,1,0,2,1,,
893,,1,0,1,0,1,1,,
894,,1,0,1,0,2,1,,
895,,1,0,1,0,1,1,,
896,,1,0,1,0,2,1,,
897,,1,0,1,0,1,1,,
898,,1,0,1,0,2,1,,
899,,1,1,1,1,1,1,,
900,,1,0,1,0,2,1,,
901,,2,0,2,0,1,1,,
902,,3,1,3,1,2,1,,
903,,3,1,1,0,1,0,1,1
904,,2,0,2,0,2,1,,
905,,0,0,0,0,1,1,,
906,,1,0,1,0,2,1,,
907,,1,0,1,0,1,1,,
908,,1,1,1,0,2,0,,1
909,,1,0,1,0,1,1,,
910,,0,1,0,1,2,1,,
911,,1,0,1,0,1,1,,
912,,1,0,1,0,2,1,,
913,,1,1,1,1,1,1,,
914,,2,1,2,1,2,1,,
915,,1,0,1,0,1,1,,
916,,1,1,1,1,2,1,,
917,,1,0,1,0,1,1,,
918,,2,0,2,0,2,1,,
919,,1,1,1,1,1,1,,
920,,2,0,2,0,2,1,,
921,,1,0,1,0,1,1,,
922,,0,0,0,1,2,0,,1
923,,1,1,1,1,1,1,,
924,,1,1,1,1,2,1,,
925,,1,1,1,1,1,1,,
926,,2,0,2,0,2,1,,
927,,1,0,1,0,1,1,,
928,,1,0,1,0,2,1,,
929,,1,0,1,0,1,1,,
930,,2,0,2,0,2,1,,
931,,1,1,1,1,1,1,,
932,,1,0,1,0,2,1,,
933,,2,0,2,0,1,1,,
934,,1,1,1,0,2,0,,1
935,,2,0,2,0,1,1,,
936,,1,0,1,0,2,1,,
937,,1,0,1,0,1,1,,
938,,2,1,1,1,2,0,1,
939,,1,0,1,0,1,1,,
940,,1,1,1,1,2,1,,
941,,1,1,1,1,1,1,,
942,,3,0,3,0,2,1,,
943,,1,0,1,0,1,1,,
944,,1,1,1,1,2,1,,
945,,1,0,1,0,1,1,,
946,,1,0,1,0,2,1,,
947,,1,1,1,1,1,1,,
948,,1,0,1,0,2,1,,
949,,1,0,1,0,1,1,,
950,,1,0,1,0,2,1,,
951,,1,1,1,1,1,1,,
952,,1,0,1,0,2,1,,
953,,1,1,1,1,1,1,,
954,,4,0,5,0,2,0,1,
955,,1,1,1,1,1,1,,
956,,1,0,1,0,2,1,,
957,,1,0,1,0,1,1,,
958,,1,0,1,0,2,1,,
959,,1,0,0,0,1,0,1,
960,,0,1,0,1,2,1,,
961,,1,1,1,0,1,0,,1
962,,0,0,0,0,2,1,,
963,,2,1,2,1,1,1,,
964,,1,0,1,0,2,1,,
965,,1,0,1,0,1,1,,
966,,1,0,1,0,2,1,,
967,,2,0,2,0,1,1,,
968,,1,0,1,0,2,1,,
969,,1,0,1,0,1,1,,
970,,2,0,2,0,2,1,,
971,,1,1,1,1,1,1,,
972,,1,1,1,1,2,1,,
973,,1,0,1,0,1,1,,
974,,1,0,1,0,2,1,,
975,,1,0,1,0,1,1,,
976,,2,0,1,0,2,0,1,
977,,2,0,2,0,1,1,,
978,,1,0,1,0,2,1,,
979,,2,0,2,0,1,1,,
980,,1,0,1,0,2,1,,
981,,1,0,1,0,1,1,,
982,,2,1,1,1,2,0,1,
983,,1,0,1,0,1,1,,
984,,1,0,1,0,2,1,,
985,,2,0,2,0,1,1,,
986,,1,0,1,0,2,1,,
987,,1,0,1,0,1,1,,
988,,2,0,2,0,2,1,,
989,,2,1,2,0,1,0,,1
990,,1,1,1,1,2,1,,
991,,2,0,2,0,1,1,,
992,,1,0,1,0,2,1,,
993,,2,1,2,1,1,1,,
994,,1,0,1,1,2,0,,1
995,,1,0,1,0,1,1,,
996,,1,0,1,0,2,1,,
997,,1,0,1,0,1,1,,
998,,2,0,0,0,2,0,1,
999,,1,1,1,1,1,1,,
1000,,2,1,2,1,2,1,,
,,,,1,0,2,863,34,110
,,1.26,0.237,1,1,2,,,
,,1.257242178,0.2058823529,1,0,2,,,
,,,,2,0,2,,,
,,,,1,1,2,,,
,,,,1,1,2,,,
,,,,2,0,2,,,
,,,,1,0,2,,,
,,,,1,0,2,,,
,,,,1,0,2,,,
,,,,0,0,2,,,
,,,,1,0,2,,,
,,,,4,0,2,,,
,,,,1,0,2,,,
,,,,1,0,2,,,
,,,,1,0,2,,,
,,,,1,0,2,,,
,,,,1,0,2,,,
,,,,0,0,2,,,
,,,,0,1,2,,,
,,,,1,0,2,,,
,,,,2,1,2,,,
,,,,1,0,2,,,
,,,,1,0,2,,,
,,,,0,0,2,,,
,,,,1,2,2,,,
,,,,2,0,2,,,
,,,,1,2,2,,,
,,,,2,0,2,,,
,,,,1,2,2,,,
,,,,1,0,2,,,
,,,,1,0,2,,,
,,,,1,1,2,,,
,,,,0,0,2,,,
,,,,1,0,2,,,
,,,,1,0,2,,,
,,,,1,0,2,,,
,,,,1,0,2,,,
,,,,2,0,2,,,
,,,,1,2,2,,,
,,,,1,0,2,,,
,,,,3,0,2,,,
,,,,3,0,2,,,
,,,,1,2,2,,,
,,,,1,1,2,,,
,,,,1,1,2,,,
,,,,1,1,2,,,
,,,,1,0,2,,,
,,,,1,0,2,,,
,,,,2,0,2,,,
,,,,2,0,2,,,
,,,,1,0,2,,,
,,,,1,0,2,,,
,,,,1,0,2,,,
,,,,1,0,2,,,
,,,,0,0,2,,,
,,,,2,0,2,,,
,,,,1,0,2,,,
,,,,2,0,2,,,
,,,,2,0,2,,,
,,,,1,0,2,,,
,,,,2,0,2,,,
,,,,0,0,2,,,
,,,,4,2,2,,,
,,,,2,0,2,,,
,,,,0,0,2,,,
,,,,1,0,2,,,
,,,,0,1,2,,,
,,,,2,0,2,,,
,,,,1,2,2,,,
,,,,1,0,2,,,
,,,,1,0,2,,,
,,,,1,0,2,,,
,,,,2,0,2,,,
,,,,1,1,2,,,
,,,,1,0,2,,,
,,,,2,1,2,,,
,,,,1,0,2,,,
,,,,1,1,2,,,
,,,,1,0,2,,,
,,,,1,1,2,,,
,,,,1,2,2,,,
,,,,1,0,2,,,
,,,,1,2,2,,,
,,,,0,0,2,,,
,,,,0,0,2,,,
,,,,1,0,2,,,
,,,,2,0,2,,,
,,,,1,2,2,,,
,,,,2,0,2,,,
,,,,1,0,2,,,
,,,,2,0,2,,,
,,,,2,0,2,,,
,,,,1,2,2,,,
,,,,1,2,2,,,
,,,,0,1,2,,,
,,,,1,0,2,,,
,,,,2,1,2,,,
,,,,1,2,2,,,
,,,,2,0,2,,,
,,,,1,0,2,,,
,,,,1,0,2,,,
,,,,1,0,2,,,
,,,,5,0,2,,,
,,,,1,0,2,,,
,,,,1,2,2,,,
,,,,1,0,2,,,
,,,,1,1,2,,,
,,,,1,0,2,,,
,,,,2,0,2,,,
,,,,1,0,2,,,
,,,,2,0,2,,,
,,,,2,0,2,,,
,,,,1,1,2,,,
,,,,1,0,2,,,
,,,,1,2,2,,,
,,,,1,1,2,,,
,,,,0,0,2,,,
,,,,1,0,2,,,
,,,,1,0,2,,,
,,,,1,0,2,,,
,,,,4,2,2,,,
,,,,1,1,2,,,
,,,,1,1,2,,,
,,,,1,1,2,,,
,,,,1,0,2,,,
,,,,1,0,2,,,
,,,,1,0,2,,,
,,,,3,0,2,,,
,,,,2,1,2,,,
,,,,2,0,2,,,
,,,,2,0,2,,,
,,,,2,0,2,,,
,,,,1,0,2,,,
,,,,1,0,2,,,
,,,,2,0,2,,,
,,,,1,0,2,,,
,,,,1,0,2,,,
,,,,1,0,2,,,
,,,,1,0,2,,,
,,,,1,0,2,,,
,,,,1,0,2,,,
,,,,1,0,2,,,
,,,,0,1,2,,,
,,,,1,0,2,,,
,,,,3,0,2,,,
,,,,1,0,2,,,
,,,,3,0,2,,,
,,,,1,0,2,,,
,,,,1,0,2,,,
,,,,1,0,2,,,
,,,,1,1,2,,,
,,,,1,0,2,,,
,,,,2,0,2,,,
,,,,1,2,2,,,
,,,,1,0,2,,,
,,,,2,0,2,,,
,,,,2,0,2,,,
,,,,1,0,2,,,
,,,,1,2,2,,,
,,,,1,2,2,,,
,,,,2,0,2,,,
,,,,2,0,2,,,
,,,,1,0,2,,,
,,,,1,1,2,,,
,,,,0,0,2,,,
,,,,0,0,2,,,
,,,,1,0,2,,,
,,,,1,0,2,,,
,,,,1,0,2,,,
,,,,1,0,2,,,
,,,,1,0,2,,,
,,,,1,0,2,,,
,,,,1,2,2,,,
,,,,2,0,2,,,
,,,,1,0,2,,,
,,,,1,1,2,,,
,,,,1,0,2,,,
,,,,1,1,2,,,
,,,,1,0,2,,,
,,,,1,0,2,,,
,,,,1,0,2,,,
,,,,3,0,2,,,
,,,,1,0,2,,,
,,,,2,0,2,,,
,,,,1,0,2,,,
,,,,1,0,2,,,
,,,,1,0,2,,,
,,,,1,1,2,,,
,,,,1,2,2,,,
,,,,1,2,2,,,
,,,,1,2,2,,,
,,,,1,2,2,,,
,,,,1,0,2,,,
,,,,0,0,2,,,
,,,,1,0,2,,,
,,,,3,0,2,,,
,,,,1,1,2,,,
,,,,0,0,2,,,
,,,,0,0,2,,,
,,,,2,0,2,,,
,,,,1,0,2,,,
,,,,1,0,2,,,
,,,,3,0,2,,,
,,,,1,0,2,,,
,,,,1,1,2,,,
,,,,1,0,2,,,
,,,,2,1,2,,,
,,,,1,2,2,,,
,,,,2,0,2,,,
,,,,0,0,2,,,
,,,,1,0,2,,,
,,,,0,0,2,,,
,,,,1,1,2,,,
,,,,1,1,2,,,
,,,,1,0,2,,,
,,,,2,0,2,,,
,,,,0,0,2,,,
,,,,1,0,2,,,
,,,,1,0,2,,,
,,,,1,0,2,,,
,,,,2,0,2,,,
,,,,1,0,2,,,
,,,,1,2,2,,,
,,,,1,2,2,,,
,,,,1,2,2,,,
,,,,1,0,2,,,
,,,,2,0,2,,,
,,,,1,0,2,,,
,,,,2,0,2,,,
,,,,1,0,2,,,
,,,,1,0,2,,,
,,,,1,0,2,,,
,,,,2,0,2,,,
,,,,1,0,2,,,
,,,,2,0,2,,,
,,,,3,0,2,,,
,,,,0,0,2,,,
,,,,1,0,2,,,
,,,,0,1,2,,,
,,,,1,0,2,,,
,,,,1,0,2,,,
,,,,1,0,2,,,
,,,,2,2,2,,,
,,,,1,0,2,,,
,,,,1,0,2,,,
,,,,1,0,2,,,
,,,,1,0,2,,,
,,,,1,2,2,,,
,,,,2,0,2,,,
,,,,1,1,2,,,
,,,,1,0,2,,,
,,,,1,0,2,,,
,,,,1,0,2,,,
,,,,1,2,2,,,
,,,,1,1,2,,,
,,,,1,0,2,,,
,,,,1,0,2,,,
,,,,1,1,2,,,
,,,,1,2,2,,,
,,,,1,0,2,,,
,,,,1,2,2,,,
,,,,1,0,2,,,
,,,,2,1,2,,,
,,,,2,1,2,,,
,,,,1,1,2,,,
,,,,1,2,2,,,
,,,,0,0,2,,,
,,,,1,0,2,,,
,,,,2,0,2,,,
,,,,1,0,2,,,
,,,,2,0,2,,,
,,,,2,1,2,,,
,,,,0,0,2,,,
,,,,1,1,2,,,
,,,,1,0,2,,,
,,,,1,0,2,,,
,,,,0,0,2,,,
,,,,1,1,2,,,
,,,,4,2,2,,,
,,,,2,0,2,,,
,,,,0,0,2,,,
,,,,3,2,2,,,
,,,,3,0,2,,,
,,,,1,0,2,,,
,,,,1,1,2,,,
,,,,1,0,2,,,
,,,,4,1,2,,,
,,,,1,0,2,,,
,,,,2,0,2,,,
,,,,0,0,2,,,
,,,,1,2,2,,,
,,,,2,0,2,,,
,,,,1,1,2,,,
,,,,1,0,2,,,
,,,,1,0,2,,,
,,,,1,0,2,,,
,,,,0,0,2,,,
,,,,2,0,2,,,
,,,,1,1,2,,,
,,,,1,2,2,,,
,,,,0,0,2,,,
,,,,1,0,2,,,
,,,,1,2,2,,,
,,,,2,1,2,,,
,,,,1,0,2,,,
,,,,1,0,2,,,
,,,,1,1,2,,,
,,,,1,0,2,,,
,,,,1,0,2,,,
,,,,1,0,2,,,
,,,,1,2,2,,,
,,,,4,1,2,,,
,,,,0,0,2,,,
,,,,1,0,2,,,
,,,,2,0,2,,,
,,,,1,0,2,,,
,,,,0,1,2,,,
,,,,2,0,2,,,
,,,,1,1,2,,,
,,,,3,0,2,,,
,,,,1,1,2,,,
,,,,1,0,2,,,
,,,,2,0,2,,,
,,,,2,0,2,,,
,,,,1,2,2,,,
,,,,1,2,2,,,
,,,,1,2,2,,,
,,,,1,0,2,,,
,,,,2,0,2,,,
,,,,1,0,2,,,
,,,,1,0,2,,,
,,,,0,0,2,,,
,,,,1,2,2,,,
,,,,0,0,2,,,
,,,,1,0,2,,,
,,,,1,0,2,,,
,,,,1,0,2,,,
,,,,0,1,2,,,
,,,,1,0,2,,,
,,,,9,0,2,,,
,,,,1,2,2,,,
,,,,1,0,2,,,
,,,,1,2,2,,,
,,,,1,0,2,,,
,,,,1,1,2,,,
,,,,1,0,2,,,
,,,,1,2,2,,,
,,,,1,1,2,,,
,,,,1,0,2,,,
,,,,1,1,2,,,
,,,,2,0,2,,,
,,,,1,0,2,,,
,,,,6,1,2,,,
,,,,1,0,2,,,
,,,,0,1,2,,,
,,,,1,0,2,,,
,,,,0,0,2,,,
,,,,1,1,2,,,
,,,,1,2,2,,,
,,,,1,0,2,,,
,,,,1,0,2,,,
,,,,1,2,2,,,
,,,,2,1,2,,,
,,,,2,0,2,,,
,,,,1,1,2,,,
,,,,1,1,2,,,
,,,,1,2,2,,,
,,,,1,0,2,,,
,,,,0,0,2,,,
,,,,3,0,2,,,
,,,,1,0,2,,,
,,,,0,0,2,,,
,,,,1,0,2,,,
,,,,2,0,2,,,
,,,,1,2,2,,,
,,,,3,1,2,,,
,,,,2,0,2,,,
,,,,1,0,2,,,
,,,,1,0,2,,,
,,,,3,0,2,,,
,,,,1,2,2,,,
,,,,1,0,2,,,
,,,,1,0,2,,,
,,,,1,0,2,,,
,,,,2,0,2,,,
,,,,1,1,2,,,
,,,,3,1,2,,,
,,,,3,1,2,,,
,,,,1,0,2,,,
,,,,2,0,2,,,
,,,,1,0,2,,,
,,,,3,0,2,,,
,,,,1,0,2,,,
,,,,0,0,2,,,
,,,,2,0,2,,,
,,,,1,0,2,,,
,,,,1,0,2,,,
,,,,2,0,2,,,
,,,,4,0,2,,,
,,,,1,1,2,,,
,,,,1,2,2,,,
,,,,2,2,2,,,
,,,,2,0,2,,,
,,,,1,0,2,,,
,,,,1,0,2,,,
,,,,1,2,2,,,
,,,,1,1,2,,,
,,,,3,0,2,,,
,,,,1,1,2,,,
,,,,0,0,2,,,
,,,,1,0,2,,,
,,,,1,0,2,,,
,,,,1,0,2,,,
,,,,1,1,2,,,
,,,,1,1,2,,,
,,,,1,0,2,,,
,,,,2,1,2,,,
,,,,1,1,2,,,
,,,,1,2,2,,,
,,,,2,0,2,,,
,,,,2,0,2,,,
,,,,1,0,2,,,
,,,,1,0,2,,,
,,,,1,2,2,,,
,,,,1,0,2,,,
,,,,1,1,2,,,
,,,,2,0,2,,,
,,,,3,0,2,,,
,,,,1,1,2,,,
,,,,1,2,2,,,
,,,,2,1,2,,,
,,,,1,0,2,,,
,,,,1,0,2,,,
,,,,1,1,2,,,
,,,,1,0,2,,,
,,,,1,1,2,,,
,,,,1,0,2,,,
,,,,1,0,2,,,
,,,,1,2,2,,,
,,,,0,0,2,,,
,,,,2,0,2,,,
,,,,1,0,2,,,
,,,,1,1,2,,,
,,,,2,1,2,,,
,,,,0,1,2,,,
,,,,1,0,2,,,
,,,,1,0,2,,,
,,,,1,0,2,,,
,,,,1,0,2,,,
,,,,1,0,2,,,
,,,,1,0,2,,,
,,,,1,0,2,,,
,,,,2,0,2,,,
,,,,2,0,2,,,
,,,,1,0,2,,,
,,,,1,0,2,,,
,,,,1,0,2,,,
,,,,1,1,2,,,
,,,,1,0,2,,,
,,,,1,0,2,,,
,,,,3,0,2,,,
,,,,3,0,2,,,
,,,,2,1,2,,,
,,,,1,0,2,,,
,,,,0,0,2,,,
,,,,1,0,2,,,
,,,,1,0,2,,,
,,,,2,1,2,,,
,,,,5,0,2,,,
,,,,1,0,2,,,
,,,,2,0,2,,,
,,,,1,0,2,,,
,,,,1,2,2,,,
,,,,1,2,2,,,
,,,,3,2,2,,,
,,,,1,0,2,,,
,,,,1,0,2,,,
,,,,1,1,2,,,
,,,,2,1,2,,,
,,,,1,0,2,,,
,,,,2,0,2,,,
,,,,1,0,2,,,
,,,,1,0,2,,,
,,,,2,0,2,,,
,,,,1,0,2,,,
,,,,1,1,2,,,
,,,,1,0,2,,,
,,,,2,0,2,,,
,,,,2,0,2,,,
,,,,1,0,2,,,
,,,,1,0,2,,,
,,,,3,0,2,,,
,,,,1,1,2,,,
,,,,1,0,2,,,
,,,,1,2,2,,,
,,,,1,0,2,,,
,,,,3,0,2,,,
,,,,1,1,2,,,
,,,,2,0,2,,,
,,,,1,0,2,,,
,,,,2,0,2,,,
,,,,1,1,2,,,
,,,,1,0,2,,,
,,,,1,0,2,,,
,,,,1,0,2,,,
,,,,1,0,2,,,
,,,,1,1,2,,,
,,,,1,0,2,,,
,,,,2,0,2,,,
,,,,1,0,2,,,
,,,,1,0,2,,,
,,,,2,0,2,,,
,,,,2,0,2,,,
,,,,2,2,2,,,
,,,,1,2,2,,,
,,,,1,0,2,,,
,,,,4,0,2,,,
,,,,1,1,2,,,
,,,,2,0,2,,,
,,,,1,0,2,,,
,,,,1,0,2,,,
,,,,3,0,2,,,
,,,,3,0,2,,,
,,,,2,1,2,,,
,,,,2,0,2,,,
,,,,1,0,2,,,
,,,,3,0,2,,,
,,,,1,1,2,,,
,,,,0,1,2,,,
,,,,1,2,2,,,
,,,,2,0,2,,,
,,,,0,0,2,,,
,,,,1,1,2,,,
,,,,2,0,2,,,
,,,,1,1,2,,,
,,,,1,0,2,,,
,,,,2,0,2,,,
,,,,2,0,2,,,
,,,,1,1,2,,,
,,,,1,2,2,,,
,,,,1,0,2,,,
,,,,1,0,2,,,
,,,,1,2,2,,,
,,,,1,0,2,,,
,,,,3,0,2,,,
,,,,1,0,2,,,
,,,,2,1,2,,,
,,,,1,0,2,,,
,,,,1,2,2,,,
,,,,1,1,2,,,
,,,,1,1,2,,,
,,,,2,0,2,,,
,,,,1,0,2,,,
,,,,2,0,2,,,
,,,,2,0,2,,,
,,,,1,0,2,,,
,,,,1,2,2,,,
,,,,2,1,2,,,
,,,,1,1,2,,,
,,,,1,2,2,,,
,,,,0,1,2,,,
,,,,1,0,2,,,
,,,,1,0,2,,,
,,,,1,0,2,,,
,,,,1,2,2,,,
,,,,2,1,2,,,
,,,,2,0,2,,,
,,,,1,0,2,,,
,,,,0,1,2,,,
,,,,1,0,2,,,
,,,,1,0,2,,,
,,,,1,0,2,,,
,,,,2,0,2,,,
,,,,1,0,2,,,
,,,,2,1,2,,,
,,,,2,0,2,,,
,,,,2,0,2,,,
,,,,1,0,2,,,
,,,,0,1,2,,,
,,,,1,0,2,,,
,,,,2,0,2,,,
,,,,1,0,2,,,
,,,,1,2,2,,,
,,,,2,0,2,,,
,,,,1,1,2,,,
,,,,1,1,2,,,
,,,,0,0,2,,,
,,,,1,0,2,,,
,,,,1,1,2,,,
,,,,2,1,2,,,
,,,,2,0,2,,,
,,,,1,0,2,,,
,,,,1,1,2,,,
,,,,5,0,2,,,
,,,,2,0,2,,,
,,,,1,0,2,,,
,,,,2,1,2,,,
,,,,2,0,2,,,
,,,,0,1,2,,,
,,,,2,0,2,,,
,,,,2,2,2,,,
,,,,1,0,2,,,
,,,,0,1,2,,,
,,,,1,0,2,,,
,,,,4,0,2,,,
,,,,1,1,2,,,
,,,,1,0,2,,,
,,,,2,1,2,,,
,,,,1,0,2,,,
,,,,1,1,2,,,
,,,,1,0,2,,,
,,,,0,1,2,,,
,,,,1,1,2,,,
,,,,1,0,2,,,
,,,,1,0,2,,,
,,,,1,0,2,,,
,,,,0,1,2,,,
,,,,2,0,2,,,
,,,,1,2,2,,,
,,,,1,1,2,,,
,,,,1,0,2,,,
,,,,1,0,2,,,
,,,,1,1,2,,,
,,,,1,0,2,,,
,,,,1,1,2,,,
,,,,3,0,2,,,
,,,,2,0,2,,,
,,,,1,1,2,,,
,,,,1,0,2,,,
,,,,1,0,2,,,
,,,,2,0,2,,,
,,,,1,0,2,,,
,,,,1,0,2,,,
,,,,1,0,2,,,
,,,,2,0,2,,,
,,,,2,0,2,,,
,,,,2,1,2,,,
,,,,1,1,2,,,
,,,,3,0,2,,,
,,,,1,1,2,,,
,,,,0,1,2,,,
,,,,2,1,2,,,
,,,,2,1,2,,,
,,,,1,1,2,,,
,,,,2,2,2,,,
,,,,1,0,2,,,
,,,,1,1,2,,,
,,,,1,0,2,,,
,,,,1,1,2,,,
,,,,2,0,2,,,
,,,,2,0,2,,,
,,,,2,0,2,,,
,,,,1,0,2,,,
,,,,1,0,2,,,
,,,,1,2,2,,,
,,,,1,0,2,,,
,,,,1,0,2,,,
,,,,3,0,2,,,
,,,,1,1,2,,,
,,,,1,2,2,,,
,,,,3,0,2,,,
,,,,1,0,2,,,
,,,,1,0,2,,,
,,,,2,0,2,,,
,,,,1,1,2,,,
,,,,2,1,2,,,
,,,,0,0,2,,,
,,,,1,0,2,,,
,,,,1,1,2,,,
,,,,1,1,2,,,
,,,,2,0,2,,,
,,,,1,0,2,,,
,,,,1,2,2,,,
,,,,1,0,2,,,
,,,,1,0,2,,,
,,,,1,2,2,,,
,,,,1,1,2,,,
,,,,0,2,2,,,
,,,,2,2,2,,,
,,,,1,0,2,,,
,,,,1,0,2,,,
,,,,2,0,2,,,
,,,,1,0,2,,,
,,,,1,1,2,,,
,,,,1,1,2,,,
,,,,1,2,2,,,
,,,,1,2,2,,,
,,,,5,0,2,,,
,,,,0,0,2,,,
,,,,2,0,2,,,
,,,,1,2,2,,,
,,,,1,0,2,,,
,,,,1,2,2,,,
,,,,2,0,2,,,
,,,,1,2,2,,,
,,,,1,0,2,,,
,,,,1,2,2,,,
,,,,0,0,2,,,
,,,,1,2,2,,,
,,,,1,0,2,,,
,,,,1,0,2,,,
,,,,0,0,2,,,
,,,,0,0,2,,,
,,,,1,1,2,,,
,,,,5,0,2,,,
,,,,1,0,2,,,
,,,,1,0,2,,,
,,,,1,0,2,,,
,,,,1,0,2,,,
,,,,1,1,2,,,
,,,,1,2,2,,,
,,,,1,0,2,,,
,,,,4,1,2,,,
,,,,1,0,2,,,
,,,,1,0,2,,,
,,,,2,0,2,,,
,,,,1,1,2,,,
,,,,3,0,2,,,
,,,,1,0,2,,,
,,,,2,0,2,,,
,,,,0,0,2,,,
,,,,1,0,2,,,
,,,,2,0,2,,,
,,,,1,1,2,,,
,,,,1,2,2,,,
,,,,1,0,2,,,
,,,,1,2,2,,,
,,,,1,0,2,,,
,,,,1,1,2,,,
,,,,1,0,2,,,
,,,,1,2,2,,,
,,,,1,1,2,,,
,,,,1,0,2,,,
,,,,1,2,2,,,
,,,,1,2,2,,,
,,,,1,0,2,,,
,,,,4,0,2,,,
,,,,1,2,2,,,
,,,,2,0,2,,,
,,,,1,0,2,,,
,,,,1,0,2,,,
,,,,0,0,2,,,
,,,,1,2,2,,,
,,,,1,0,2,,,
,,,,2,1,2,,,
,,,,0,0,2,,,
,,,,1,2,2,,,
,,,,1,0,2,,,
,,,,1,2,2,,,
,,,,1,0,2,,,
,,,,1,2,2,,,
,,,,1,0,2,,,
,,,,1,0,2,,,
,,,,2,0,2,,,
,,,,0,0,2,,,
,,,,5,0,2,,,
,,,,2,2,2,,,
,,,,1,1,2,,,
,,,,1,0,2,,,
,,,,1,0,2,,,
,,,,0,1,2,,,
,,,,2,0,2,,,
,,,,2,0,2,,,
,,,,1,0,2,,,
,,,,0,1,2,,,
,,,,2,1,2,,,
,,,,1,2,2,,,
,,,,1,2,2,,,
,,,,1,2,2,,,
,,,,3,0,2,,,
,,,,1,2,2,,,
,,,,2,0,2,,,
,,,,2,0,2,,,
,,,,1,1,2,,,
,,,,1,1,2,,,
,,,,1,0,2,,,
,,,,1,0,2,,,
,,,,0,0,2,,,
,,,,1,0,2,,,
,,,,2,0,2,,,
,,,,1,0,2,,,
,,,,1,0,2,,,
,,,,0,0,2,,,
,,,,1,0,2,,,
,,,,2,0,2,,,
,,,,1,0,2,,,
,,,,1,1,2,,,
,,,,1,0,2,,,
,,,,1,2,2,,,
,,,,1,1,2,,,
,,,,2,1,2,,,
,,,,3,0,2,,,
,,,,1,2,2,,,
,,,,1,1,2,,,
,,,,1,1,2,,,
,,,,0,0,2,,,
,,,,1,0,2,,,
,,,,2,0,2,,,
,,,,2,1,2,,,
,,,,1,1,2,,,
,,,,0,1,2,,,
,,,,1,0,2,,,
,,,,1,1,2,,,
,,,,0,0,2,,,
,,,,1,0,2,,,
,,,,1,0,2,,,
,,,,2,0,2,,,
,,,,0,0,2,,,
,,,,1,1,2,,,
,,,,0,0,2,,,
,,,,1,0,2,,,
,,,,1,0,2,,,
,,,,3,1,2,,,
,,,,1,1,2,,,
,,,,0,0,2,,,
,,,,1,0,2,,,
,,,,3,0,2,,,
,,,,1,0,2,,,
,,,,1,2,2,,,
,,,,1,1,2,,,
,,,,1,0,2,,,
,,,,1,1,2,,,
,,,,1,2,2,,,
,,,,1,0,2,,,
,,,,2,0,2,,,
,,,,1,1,2,,,
,,,,1,0,2,,,
,,,,2,0,2,,,
,,,,1,1,2,,,
,,,,1,1,2,,,
,,,,0,1,2,,,
,,,,2,0,2,,,
,,,,1,2,2,,,
,,,,2,0,2,,,
,,,,1,0,2,,,
,,,,1,1,2,,,
,,,,1,0,2,,,
,,,,1,0,2,,,
,,,,0,0,2,,,
,,,,1,0,2,,,
,,,,1,0,2,,,
,,,,3,0,2,,,
,,,,1,2,2,,,
,,,,1,0,2,,,
,,,,1,2,2,,,
,,,,1,2,2,,,
,,,,2,1,2,,,
,,,,1,0,2,,,
,,,,0,1,2,,,
,,,,1,0,2,,,
,,,,2,2,2,,,
,,,,1,0,2,,,
,,,,0,0,2,,,
,,,,1,2,2,,,
,,,,2,0,2,,,
,,,,1,0,2,,,
,,,,1,2,2,,,
,,,,1,0,2,,,
,,,,0,1,2,,,
,,,,4,1,2,,,
,,,,1,2,2,,,
,,,,2,0,2,,,
,,,,2,0,2,,,
,,,,0,0,2,,,
,,,,0,1,2,,,
,,,,1,1,2,,,
,,,,1,1,2,,,
,,,,0,0,2,,,
,,,,1,2,2,,,
,,,,1,1,2,,,
,,,,1,1,2,,,
,,,,1,0,2,,,
,,,,1,2,2,,,
,,,,1,0,2,,,
,,,,1,0,2,,,
,,,,4,0,2,,,
,,,,1,0,2,,,
,,,,1,1,2,,,
,,,,1,0,2,,,
,,,,1,0,2,,,
,,,,1,1,2,,,
,,,,1,0,2,,,
,,,,1,1,2,,,
,,,,1,1,2,,,
,,,,1,0,2,,,
,,,,2,0,2,,,
,,,,1,2,2,,,
,,,,1,0,2,,,
,,,,1,0,2,,,
,,,,1,1,2,,,
,,,,1,0,2,,,
,,,,1,0,2,,,
,,,,1,0,2,,,
,,,,1,1,2,,,
,,,,1,0,2,,,
,,,,1,0,2,,,
,,,,1,2,2,,,
,,,,1,0,2,,,
,,,,1,0,2,,,
,,,,1,0,2,,,
,,,,1,0,2,,,
,,,,1,0,2,,,
,,,,1,0,2,,,
,,,,1,1,2,,,
,,,,2,0,2,,,
,,,,1,1,2,,,
,,,,1,0,2,,,
,,,,2,1,2,,,
,,,,0,0,2,,,
,,,,1,1,2,,,
,,,,2,2,2,,,
,,,,1,0,2,,,
,,,,1,1,2,,,
,,,,1,0,2,,,
,,,,1,1,2,,,
,,,,2,1,2,,,
,,,,2,1,2,,,
,,,,1,0,2,,,
,,,,2,0,2,,,
,,,,1,0,2,,,
,,,,1,1,2,,,
,,,,1,0,2,,,
,,,,2,0,2,,,
,,,,1,1,2,,,
,,,,1,2,2,,,
,,,,1,0,2,,,
,,,,1,1,2,,,
,,,,0,0,2,,,
,,,,1,2,2,,,
,,,,1,0,2,,,
,,,,3,0,2,,,
,,,,2,0,2,,,
,,,,1,0,2,,,
,,,,1,0,2,,,
,,,,2,0,2,,,
,,,,1,0,2,,,
,,,,1,0,2,,,
,,,,1,0,2,,,
,,,,0,0,2,,,
,,,,1,2,2,,,
,,,,2,0,2,,,
,,,,1,1,2,,,
,,,,1,2,2,,,
,,,,1,0,2,,,
,,,,1,0,2,,,
,,,,2,1,2,,,
,,,,1,0,2,,,
,,,,1,0,2,,,
,,,,1,0,2,,,
,,,,1,0,2,,,
,,,,2,0,2,,,
,,,,1,2,2,,,
,,,,1,0,2,,,
,,,,1,0,2,,,
,,,,3,0,2,,,
,,,,1,0,2,,,
,,,,1,0,2,,,
,,,,1,0,2,,,
,,,,2,1,2,,,
,,,,1,0,2,,,
,,,,0,0,2,,,
,,,,2,1,2,,,
,,,,2,0,2,,,
,,,,0,0,2,,,
,,,,1,1,2,,,
,,,,1,0,2,,,
,,,,1,0,2,,,
,,,,1,0,2,,,
,,,,1,1,2,,,
,,,,2,0,2,,,
,,,,1,0,2,,,
,,,,1,0,2,,,
,,,,2,0,2,,,
,,,,2,0,2,,,
,,,,0,1,2,,,
,,,,3,0,2,,,
,,,,1,2,2,,,
,,,,1,0,2,,,
,,,,2,0,2,,,
,,,,0,0,2,,,
,,,,2,0,2,,,
,,,,3,0,2,,,
,,,,1,0,2,,,
,,,,1,1,2,,,
,,,,3,0,2,,,
,,,,1,0,2,,,
,,,,2,0,2,,,
,,,,1,0,2,,,
,,,,1,2,2,,,
,,,,3,0,2,,,
,,,,1,2,2,,,
,,,,1,1,2,,,
,,,,1,0,2,,,
,,,,1,0,2,,,
,,,,2,0,2,,,
,,,,1,0,2,,,
,,,,1,0,2,,,
,,,,2,1,2,,,
,,,,1,0,2,,,